{"cameraMode":{"drawMode":0,"name":"Shaded","section":"Shading Mode"},"sceneLighting":false,"audioPlay":false,"sceneViewState":{"m_AlwaysRefresh":false,"showFog":true,"showSkybox":false,"showFlares":true,"showImageEffects":true,"showParticleSystems":true,"showVisualEffectGraphs":true,"m_FxEnabled":true},"in2DMode":false,"pivot":{"x":0.0018952339887619019,"y":-0.00008331239223480225,"z":0.32296130061149599},"rotation":{"x":-0.06530599296092987,"y":0.9340738654136658,"z":-0.22917988896369935,"w":-0.2660611867904663},"size":0.46307477355003359,"orthographic":false}