{"cameraMode":{"drawMode":0,"name":"Shaded","section":"Shading Mode"},"sceneLighting":false,"audioPlay":false,"sceneViewState":{"m_AlwaysRefresh":false,"showFog":true,"showSkybox":false,"showFlares":true,"showImageEffects":true,"showParticleSystems":true,"showVisualEffectGraphs":true,"m_FxEnabled":true},"in2DMode":false,"pivot":{"x":-0.19146102666854859,"y":0.8744821548461914,"z":-0.8710711002349854},"rotation":{"x":-0.0014068720629438758,"y":0.9917473793029785,"z":-0.1280539333820343,"w":-0.010704540647566319},"size":1.4299575090408326,"orthographic":false}